nmackintosh0|Norah|MacKintosh|nmackintosh0@zimbio.com|true|9Xbm6M|https://randomuser.me/api/portraits/women/40.jpg|1947-08-20|2013-09-07|true
lstewart1|Louella|Stewart|lstewart1@last.fm|true|PZ13etGV|https://randomuser.me/api/portraits/women/48.jpg|1947-03-21|2015-03-18|false
ccapehorn2|Casi|Capehorn|ccapehorn2@dedecms.com|true|3x3HJl|https://randomuser.me/api/portraits/women/41.jpg|1961-04-27|2015-10-13|true
sguisot3|Stefania|Guisot|sguisot3@google.co.uk|true|6y57rfwyPYzO|https://randomuser.me/api/portraits/women/33.jpg|1980-11-26|2017-06-12|true
pdurram4|Paulita|Durram|pdurram4@discovery.com|true|wQsEvGPn|https://randomuser.me/api/portraits/women/22.jpg|1963-01-05|2001-01-11|true
dpaddeley5|Davey|Paddeley|dpaddeley5@delicious.com|true|XDd8GAXTkAFT|https://randomuser.me/api/portraits/men/80.jpg|1984-11-24|2011-01-14|true
amcclaughlin6|Alysa|McClaughlin|amcclaughlin6@ebay.co.uk|true|H2rIP5OGZBa|https://randomuser.me/api/portraits/women/34.jpg|1960-11-01|2017-04-09|false
wpidwell7|Worthy|Pidwell|wpidwell7@cbc.ca|true|cXh9MYjrL|https://randomuser.me/api/portraits/men/66.jpg|1966-06-28|2017-11-11|true
mcersey8|Morse|Cersey|mcersey8@alibaba.com|true|j9j6E7qx|https://randomuser.me/api/portraits/women/2.jpg|1945-10-18|2016-10-19|false
sgroveham9|Sharai|Groveham|sgroveham9@google.ru|true|3pOdLj4Ows7|https://randomuser.me/api/portraits/women/19.jpg|1951-03-20|2015-03-14|false
tbetsera|Thorpe|Betser|tbetsera@yelp.com|true|d4uIEb4pTAm|https://randomuser.me/api/portraits/men/20.jpg|1955-01-17|2001-06-24|false
cekellb|Cissy|Ekell|cekellb@eepurl.com|true|I0cV6btb9|https://randomuser.me/api/portraits/women/73.jpg|1976-11-04|2017-02-12|true
selveyc|Solly|Elvey|selveyc@sfgate.com|true|5LwkK8c|https://randomuser.me/api/portraits/women/7.jpg|1996-10-04|2004-04-11|false
sdossettord|Sayre|Dossettor|sdossettord@blogger.com|true|dIkYNt|https://randomuser.me/api/portraits/men/32.jpg|1985-04-24|2002-08-15|true
akelsalle|Arlyne|Kelsall|akelsalle@nytimes.com|true|12345|https://randomuser.me/api/portraits/women/27.jpg|1967-01-30|2016-07-10|false
lgaulef|Lawry|Gaule|lgaulef@cnbc.com|true|BXy6Ee|https://randomuser.me/api/portraits/men/31.jpg|1991-06-27|2004-06-22|true
achristopherseng|Agata|Christophersen|achristopherseng@tuttocitta.it|true|TL0f5i54|https://randomuser.me/api/portraits/women/40.jpg|1995-04-20|2009-12-23|false
sjessoph|Schuyler|Jessop|sjessoph@freewebs.com|true|GLo93C3A|https://robohash.org/minusesseomnis.bmp?size=50x50&set=set1|1990-04-29|2010-09-08|true
dklosseki|Dalton|Klossek|dklosseki@smh.com.au|true|BLjie7|https://robohash.org/quiavoluptatemut.png?size=50x50&set=set1|1989-04-22|2017-01-26|false
ncharrettej|Napoleon|Charrette|ncharrettej@cnet.com|true|hXxyO0ffUxyt|https://randomuser.me/api/portraits/men/29.jpg|1998-06-10|2004-12-14|true
elowmassk|Edgard|Lowmass|elowmassk@ycombinator.com|true|2fATVhkXB|https://randomuser.me/api/portraits/men/48.jpg|1990-06-24|2013-11-01|false
mstrettlel|Merissa|Strettle|mstrettlel@digg.com|true|9RT30X|https://randomuser.me/api/portraits/women/67.jpg|2000-11-23|2008-12-18|true
mclementelm|Manya|Clementel|mclementelm@squarespace.com|true|f4TIz8|https://randomuser.me/api/portraits/women/45.jpg|1945-09-21|2007-05-25|true
mkeepencen|Milena|Keepence|mkeepencen@ustream.tv|true|HlQyjwzM|https://randomuser.me/api/portraits/women/49.jpg|1972-04-09|2010-07-28|false
bmarriageo|Berri|Marriage|bmarriageo@utexas.edu|true|v8guG1u|https://randomuser.me/api/portraits/women/35.jpg|1978-05-05|2017-09-22|true
abelfp|Artemis|Belf|abelfp@dell.com|true|66hsfMbEQbW|https://randomuser.me/api/portraits/men/31.jpg|1954-10-16|2005-11-03|false
ncheshireq|Ninette|Cheshire|ncheshireq@eventbrite.com|true|ySU95J|https://randomuser.me/api/portraits/women/31.jpg|1968-01-12|2013-09-14|true
ebrandsmar|Ermina|Brandsma|ebrandsmar@mayoclinic.com|true|jekEuBoHaSFf|https://randomuser.me/api/portraits/women/28.jpg|1943-03-13|2013-07-08|true
vhums|Vania|Hum|vhums@adobe.com|true|cTenYezM|https://randomuser.me/api/portraits/women/53.jpg|1978-11-29|2005-01-25|true
oabbott|Othilia|Abbot|oabbott@oaic.gov.au|true|qT6hUN7ltw8|https://randomuser.me/api/portraits/women/0.jpg|1981-12-29|2013-12-01|true
bcrantonu|Bobbye|Cranton|bcrantonu@seesaa.net|true|dpD1I1gO|https://randomuser.me/api/portraits/men/24.jpg|1990-06-26|2014-12-24|true
ezorziniv|Eilis|Zorzini|ezorziniv@webs.com|true|lIRAb3YLPF6|https://randomuser.me/api/portraits/men/76.jpg|1986-05-19|2001-12-22|true
nlaisew|Nadean|Laise|nlaisew@canalblog.com|true|bbdfSVI5JJ|https://randomuser.me/api/portraits/women/7.jpg|1961-07-08|2003-02-25|false
mtumbeltyx|Mateo|Tumbelty|mtumbeltyx@acquirethisname.com|true|dHUj5JOkrB3W|https://randomuser.me/api/portraits/men/82.jpg|1943-12-11|2001-05-06|true
ohavilley|Orin|Haville|ohavilley@nba.com|true|SRW4TOY|https://randomuser.me/api/portraits/men/8.jpg|1969-07-31|2001-07-28|true
tinnerstonez|Tierney|Innerstone|tinnerstonez@photobucket.com|true|qjmuRAy|https://randomuser.me/api/portraits/men/22.jpg|1978-07-04|2010-11-18|false
sproudler10|Shannon|Proudler|sproudler10@pinterest.com|true|WSF7tCLV|https://randomuser.me/api/portraits/women/35.jpg|1963-05-05|2017-07-04|true
aschnieder11|Ariel|Schnieder|aschnieder11@networksolutions.com|true|m7Ujdizwirk|https://randomuser.me/api/portraits/women/89.jpg|1941-05-13|2010-06-02|true
ilandrean12|Ingelbert|Landrean|ilandrean12@themeforest.net|true|i5wKyA84a|https://randomuser.me/api/portraits/men/16.jpg|1985-04-29|2002-10-23|false
tbartell13|Trevor|Bartell|tbartell13@e-recht24.de|true|l1iyM3xe9|https://randomuser.me/api/portraits/men/58.jpg|1968-05-19|2003-04-30|false
adakhno14|Alysa|Dakhno|adakhno14@jugem.jp|true|PyPDWRgs|https://randomuser.me/api/portraits/women/54.jpg|1945-11-14|2001-10-06|true
tchrystie15|Terence|Chrystie|tchrystie15@google.fr|true|3ulwltfY|https://randomuser.me/api/portraits/men/87.jpg|1959-07-29|2009-12-11|true
gvalentim16|Gipsy|Valentim|gvalentim16@fastcompany.com|true|QYaXzuK|https://randomuser.me/api/portraits/women/49.jpg|1985-10-03|2002-09-02|false
gcremin17|Gwenette|Cremin|gcremin17@arstechnica.com|true|iqsIB0|https://randomuser.me/api/portraits/women/88.jpg|1976-06-24|2013-08-29|true
bsoanes18|Barbette|Soanes|bsoanes18@digg.com|true|6FycANY4vmfn|https://randomuser.me/api/portraits/women/22.jpg|1983-08-24|2014-04-27|false
lvandervelde19|Lynette|Van der Velde|lvandervelde19@newsvine.com|true|Koh991ER|https://randomuser.me/api/portraits/women/16.jpg|1950-09-06|2016-04-04|true
pbrowne1a|Pamelina|Browne|pbrowne1a@nhs.uk|true|dPP4mKnt|https://randomuser.me/api/portraits/women/80.jpg|1978-02-10|2003-03-21|false
bwanstall1b|Batholomew|Wanstall|bwanstall1b@paginegialle.it|true|MlLsHEP|https://randomuser.me/api/portraits/men/50.jpg|1981-07-14|2003-12-14|false
bhabron1c|Bette-ann|Habron|bhabron1c@parallels.com|true|OkaeqdN|https://randomuser.me/api/portraits/women/20.jpg|1967-03-16|2012-01-09|false
tfairman1d|Trixie|Fairman|tfairman1d@drupal.org|true|cNjOCj14|https://randomuser.me/api/portraits/women/9.jpg|1965-11-05|2010-11-06|false
hblowin1e|Heather|Blowin|hblowin1e@utexas.edu|true|E5EmzS|https://randomuser.me/api/portraits/women/66.jpg|1964-09-07|2004-05-02|true
rraulston1f|Rudolfo|Raulston|rraulston1f@ca.gov|true|12345|https://randomuser.me/api/portraits/men/28.jpg|1975-02-15|2014-10-15|true
emeiner1g|Edith|Meiner|emeiner1g@marriott.com|true|Abudd5|https://randomuser.me/api/portraits/women/19.jpg|1956-02-27|2016-12-27|false
agillyett1h|Adore|Gillyett|agillyett1h@prweb.com|true|JlkWaUyXcD|https://randomuser.me/api/portraits/men/3.jpg|1965-12-26|2004-09-09|false
kbockh1i|Kristine|Bockh|kbockh1i@jiathis.com|true|6FCQ3HH4M|https://randomuser.me/api/portraits/women/62.jpg|1980-01-26|2004-05-30|false
hobal1j|Happy|Obal|hobal1j@cisco.com|true|ZCyqcQaQk|https://randomuser.me/api/portraits/men/29.jpg|1996-07-11|2014-11-02|false
afish1k|Abdel|Fish|afish1k@paypal.com|true|bLfrTivW|https://randomuser.me/api/portraits/men/40.jpg|1970-02-18|2017-02-23|true
mhollyman1l|Mordy|Hollyman|mhollyman1l@quantcast.com|true|Rywn9hyV35Zv|https://randomuser.me/api/portraits/men/73.jpg|1996-05-23|2017-11-16|true
gdilawey1m|Gav|Dilawey|gdilawey1m@sogou.com|true|eelhUT|https://randomuser.me/api/portraits/men/69.jpg|1951-08-09|2016-06-04|false
ssteger1n|Stormie|Steger|ssteger1n@fema.gov|true|nA7Y8Bibs|https://randomuser.me/api/portraits/men/38.jpg|1957-08-17|2005-06-20|true
cepine1o|Creigh|Epine|cepine1o@biglobe.ne.jp|true|XjbxZAFf|https://randomuser.me/api/portraits/men/35.jpg|1988-05-14|2017-09-21|false
cpifford1p|Codi|Pifford|cpifford1p@fotki.com|true|pSx9cdd|https://randomuser.me/api/portraits/men/90.jpg|1986-06-07|2009-01-27|true
btranfield1q|Bartholomeus|Tranfield|btranfield1q@wunderground.com|true|WX0Zpu|https://randomuser.me/api/portraits/men/79.jpg|1989-11-14|2011-06-24|false
corman1r|Cazzie|Orman|corman1r@nymag.com|true|BG1ajrlZJ|https://randomuser.me/api/portraits/women/75.jpg|1998-03-30|2011-04-07|true
khobben1s|Kelby|Hobben|khobben1s@psu.edu|true|hzAm3m|https://randomuser.me/api/portraits/women/15.jpg|1980-06-10|2014-02-12|false
udenington1t|Udall|Denington|udenington1t@ftc.gov|true|WxeQmr9|https://randomuser.me/api/portraits/men/6.jpg|1970-11-08|2016-01-22|true
bmapes1u|Brandais|Mapes|bmapes1u@aboutads.info|true|WLJbVce7Cctq|https://randomuser.me/api/portraits/men/23.jpg|1968-08-03|2011-03-28|false
cpadgett1v|Clive|Padgett|cpadgett1v@wordpress.org|true|ISLuH46d43R|https://randomuser.me/api/portraits/men/85.jpg|1944-04-17|2011-09-14|false
lkilrow1w|Lena|Kilrow|lkilrow1w@google.co.jp|true|5LqwEzcuvmcA|https://randomuser.me/api/portraits/women/55.jpg|1951-08-12|2001-02-12|true
ecurrer1x|Ebonee|Currer|ecurrer1x@msn.com|true|wMPsvjBKTfh|https://randomuser.me/api/portraits/women/73.jpg|1977-10-01|2013-03-18|true
mtreadgall1y|Maybelle|Treadgall|mtreadgall1y@moonfruit.com|true|5UR27TFr|https://randomuser.me/api/portraits/women/56.jpg|1980-04-30|2013-05-17|true
ayoxall1z|Andrej|Yoxall|ayoxall1z@senate.gov|true|sf2xFOMvs|https://randomuser.me/api/portraits/men/68.jpg|1987-08-31|2006-10-28|false
ndebenedictis20|Nilson|De Benedictis|ndebenedictis20@cafepress.com|true|9V1OhqZGptB|https://randomuser.me/api/portraits/men/61.jpg|1980-03-04|2005-12-15|true
aoneligan21|Audry|O' Neligan|aoneligan21@amazonaws.com|true|r7e1s6tuE|https://randomuser.me/api/portraits/women/57.jpg|1987-11-24|2006-04-12|false
cdumbare22|Calvin|Dumbare|cdumbare22@xrea.com|true|3EugyH|https://randomuser.me/api/portraits/men/59.jpg|1955-04-04|2009-06-21|false
rkirkham23|Reinhard|Kirkham|rkirkham23@google.fr|true|KBHRyAF|https://randomuser.me/api/portraits/men/25.jpg|1951-02-14|2010-12-06|true
moneill24|Margaretha|O'Neill|moneill24@friendfeed.com|true|2JZ93hSAqtKu|https://randomuser.me/api/portraits/women/84.jpg|1998-11-23|2014-12-30|true
rleversuch25|Rosaleen|Leversuch|rleversuch25@feedburner.com|true|qTaCOvthW|https://randomuser.me/api/portraits/women/5.jpg|1984-07-26|2001-12-12|false
bduell26|Brear|Duell|bduell26@addtoany.com|true|wNCco6VXRk|https://randomuser.me/api/portraits/men/9.jpg|1951-11-13|2008-04-29|true
tmacnaughton27|Timi|MacNaughton|tmacnaughton27@bing.com|true|hGnoWapkx9qp|https://randomuser.me/api/portraits/men/60.jpg|1995-04-10|2007-08-05|true
lrummery28|Lindy|Rummery|lrummery28@ted.com|true|wzWr2xiOKWT|https://randomuser.me/api/portraits/women/58.jpg|1951-07-14|2015-05-20|true
iwiersma29|Isis|Wiersma|iwiersma29@aboutads.info|true|fPlbtYI2kDZ|https://randomuser.me/api/portraits/women/60.jpg|1951-04-22|2006-02-11|true
ashepherdson2a|Arnaldo|Shepherdson|ashepherdson2a@newsvine.com|true|7oQmoty|https://randomuser.me/api/portraits/men/53.jpg|1945-06-07|2005-07-27|false
dbellas2b|Donna|Bellas|dbellas2b@devhub.com|true|0ESVqhG2a|https://randomuser.me/api/portraits/women/18.jpg|1956-01-28|2015-12-13|true
tdumpleton2c|Tymon|Dumpleton|tdumpleton2c@dedecms.com|true|gNvA3Q0oOy|https://randomuser.me/api/portraits/men/1.jpg|1985-05-21|2017-07-30|true
ggoodie2d|Genovera|Goodie|ggoodie2d@gov.uk|true|42FYFK|https://randomuser.me/api/portraits/women/31.jpg|1942-04-22|2009-03-02|true
rjeffries2e|Rudyard|Jeffries|rjeffries2e@ustream.tv|true|TJJ4r8wbH|https://randomuser.me/api/portraits/men/66.jpg|1941-05-12|2014-06-22|true
hstebles2f|Hale|Stebles|hstebles2f@netvibes.com|true|2Fn4qE|https://randomuser.me/api/portraits/men/93.jpg|1949-11-19|2013-11-21|false
rgrenshields2g|Rennie|Grenshields|rgrenshields2g@omniture.com|true|b05OmNreN|https://randomuser.me/api/portraits/men/84.jpg|1976-12-10|2011-07-24|true
mlarmour2h|Maia|Larmour|mlarmour2h@hud.gov|true|Ok51ocdiJ|https://randomuser.me/api/portraits/women/46.jpg|1963-10-21|2013-07-03|true
educroe2i|Enriqueta|Ducroe|educroe2i@com.com|true|JxhbAMNAv6|https://randomuser.me/api/portraits/women/2.jpg|1956-10-31|2010-06-13|false
ctitterton2j|Carline|Titterton|ctitterton2j@japanpost.jp|true|W1fSWN42L|https://randomuser.me/api/portraits/women/14.jpg|1942-10-27|2007-12-04|true
bberryman2k|Barri|Berryman|bberryman2k@noaa.gov|true|29pKLKp3s|https://randomuser.me/api/portraits/men/92.jpg|1992-03-24|2017-03-18|false
dfryatt2l|Dniren|Fryatt|dfryatt2l@psu.edu|true|Lz485hFHqNJ|https://randomuser.me/api/portraits/men/43.jpg|1996-08-04|2015-03-21|true
elude2m|Estelle|Lude|elude2m@ihg.com|true|pm7dVH2|https://randomuser.me/api/portraits/women/52.jpg|1958-05-04|2004-04-01|false
ffilby2n|Felicle|Filby|ffilby2n@drupal.org|true|JG4PR3k9S4i|https://randomuser.me/api/portraits/women/45.jpg|1967-08-01|2011-01-25|false
plindeman2o|Patrice|Lindeman|plindeman2o@etsy.com|true|ffS9RvKr8ZM|https://randomuser.me/api/portraits/women/68.jpg|1992-05-12|2007-09-04|false
lfilliskirk2p|Lou|Filliskirk|lfilliskirk2p@booking.com|true|lK881i|https://randomuser.me/api/portraits/men/33.jpg|2000-03-20|2013-10-27|true
rmacandreis2q|Rodrigo|MacAndreis|rmacandreis2q@deliciousdays.com|true|o0MC8ER|https://randomuser.me/api/portraits/men/4.jpg|1996-12-29|2002-07-11|false
mcrickmer2r|Mandy|Crickmer|mcrickmer2r@google.ru|true|4r2iBr|https://randomuser.me/api/portraits/women/67.jpg|1956-11-07|2002-01-10|true
jniese2s|Jayme|Niese|jniese2s@github.io|true|B6OeLb8L|https://randomuser.me/api/portraits/men/82.jpg|1969-07-26|2012-06-28|true
ltinkham2t|Lane|Tinkham|ltinkham2t@hibu.com|true|8Fs6K1ARCCL|https://randomuser.me/api/portraits/men/70.jpg|1949-12-01|2011-11-19|true
slibreros2u|Scotty|Libreros|slibreros2u@statcounter.com|true|41iAtsOyQg|https://randomuser.me/api/portraits/men/11.jpg|1949-03-09|2013-06-03|true
sstyche2v|Sollie|Styche|sstyche2v@cnn.com|true|t9FKnK|https://randomuser.me/api/portraits/women/69.jpg|1998-07-29|2002-11-13|true
amacvean2w|Arleyne|MacVean|amacvean2w@sitemeter.com|true|nFHGGcX1vyS|https://randomuser.me/api/portraits/women/24.jpg|1970-10-18|2006-11-30|true
mfarnorth2x|Mahmud|Farnorth|mfarnorth2x@nytimes.com|true|it34e855g|https://randomuser.me/api/portraits/men/27.jpg|1959-10-10|2004-07-06|true
jdenge2y|Jennica|Denge|jdenge2y@topsy.com|true|VSmzl3bwT26K|https://randomuser.me/api/portraits/women/32.jpg|1963-10-31|2006-10-24|false
jdymond2z|Johnna|Dymond|jdymond2z@cloudflare.com|true|upMKqFypM|https://randomuser.me/api/portraits/women/94.jpg|1954-11-04|2016-07-14|true
eurridge30|Elmo|Urridge|eurridge30@blogspot.com|true|B7kxEoFz|https://randomuser.me/api/portraits/men/87.jpg|1962-12-14|2005-07-23|true
ymeasom31|York|Measom|ymeasom31@msu.edu|true|EfUNgSHAy|https://robohash.org/eautquo.bmp?size=50x50&set=set1|1950-09-14|2009-11-02|false
jserrels32|Jyoti|Serrels|jserrels32@desdev.cn|true|M9K8AIarc6X|https://randomuser.me/api/portraits/men/14.jpg|1949-03-05|2005-06-25|true
hspelwood33|Helen|Spelwood|hspelwood33@microsoft.com|true|rMi7xc|https://randomuser.me/api/portraits/women/29.jpg|1962-04-14|2012-05-05|false
nfackrell34|Neil|Fackrell|nfackrell34@deviantart.com|true|SIMQsM9hh|https://randomuser.me/api/portraits/men/86.jpg|1948-12-07|2005-11-07|false
ddyer35|Dwight|Dyer|ddyer35@hubpages.com|true|TtDSdHJZf7H|https://randomuser.me/api/portraits/men/63.jpg|1950-02-28|2012-09-13|false
ntym36|Nicolette|Tym|ntym36@hc360.com|true|rmK7ndZB|https://randomuser.me/api/portraits/women/40.jpg|1987-09-21|2014-02-01|true
jorpyne37|Jordain|Orpyne|jorpyne37@myspace.com|true|vcwqkdVJ|https://randomuser.me/api/portraits/men/89.jpg|1999-02-19|2002-01-12|true
obraid38|Obadias|Braid|obraid38@parallels.com|true|0nPFROkXmh|https://randomuser.me/api/portraits/men/39.jpg|1968-10-28|2013-07-30|false
mrawsthorn39|Mallissa|Rawsthorn|mrawsthorn39@shutterfly.com|true|l7O3SPcErEv|https://randomuser.me/api/portraits/women/12.jpg|1979-08-28|2003-03-29|false
smunt3a|Sunny|Munt|smunt3a@dion.ne.jp|true|z82CAH|https://randomuser.me/api/portraits/men/51.jpg|1965-04-28|2008-01-20|false
bpattemore3b|Belle|Pattemore|bpattemore3b@dyndns.org|true|R35DjK9Md|https://randomuser.me/api/portraits/women/33.jpg|1967-03-22|2006-06-13|true
lbuckie3c|Liliane|Buckie|lbuckie3c@si.edu|true|Z9qVZEKpwW0|https://randomuser.me/api/portraits/women/23.jpg|1960-06-21|2007-08-30|false
jabotson3d|Julienne|Abotson|jabotson3d@cnn.com|true|LZ70orGkXeZD|https://randomuser.me/api/portraits/women/65.jpg|1942-04-20|2010-03-19|false
klukasen3e|Karine|Lukasen|klukasen3e@paypal.com|true|XRPPFstjlQy|https://randomuser.me/api/portraits/women/63.jpg|1985-08-19|2013-04-10|false
bdowding3f|Barb|Dowding|bdowding3f@e-recht24.de|true|LvVPfD11b|https://randomuser.me/api/portraits/women/51.jpg|1987-12-19|2008-01-31|false
fdurgan3g|Friedrick|Durgan|fdurgan3g@alibaba.com|true|ObVQ23K0J|https://randomuser.me/api/portraits/men/88.jpg|1987-07-03|2002-04-10|true
ureinbeck3h|Ursuline|Reinbeck|ureinbeck3h@e-recht24.de|true|bbQWJHNd|https://randomuser.me/api/portraits/women/47.jpg|1958-11-23|2011-11-22|true
knelsey3i|Katrina|Nelsey|knelsey3i@ycombinator.com|true|KhDgeq|https://randomuser.me/api/portraits/women/91.jpg|1955-01-26|2006-11-22|true
jbirrel3j|Jasmina|Birrel|jbirrel3j@adobe.com|true|lz8UmjR|https://randomuser.me/api/portraits/women/71.jpg|1995-03-05|2009-11-24|true
rfranzolini3k|Rebekkah|Franzolini|rfranzolini3k@yolasite.com|true|ZyJx8zT6KiU|https://randomuser.me/api/portraits/women/39.jpg|1963-02-24|2014-11-01|false
ngaskin3l|Neall|Gaskin|ngaskin3l@npr.org|true|bTcjHYCSAgkd|https://randomuser.me/api/portraits/men/52.jpg|1988-03-16|2012-03-27|false
rclementi3m|Raven|Clementi|rclementi3m@gnu.org|true|9isiWBn|https://randomuser.me/api/portraits/women/1.jpg|1942-10-17|2008-11-21|true
mwathall3n|Marijn|Wathall|mwathall3n@trellian.com|true|D3PEoi|https://randomuser.me/api/portraits/men/75.jpg|1961-03-10|2011-11-26|false
mhayle3o|Monti|Hayle|mhayle3o@ning.com|true|fdJeSX1ExGZH|https://randomuser.me/api/portraits/men/47.jpg|1969-12-13|2016-04-07|true
nhiseman3p|Nicolai|Hiseman|nhiseman3p@meetup.com|true|JA6fVsrN|https://randomuser.me/api/portraits/women/13.jpg|1961-09-05|2013-07-27|false
bluesley3q|Beatrice|Luesley|bluesley3q@squidoo.com|true|8OIsHjN7c8|https://randomuser.me/api/portraits/women/90.jpg|2000-12-21|2009-07-31|true
cyeoland3r|Constantine|Yeoland|cyeoland3r@lulu.com|true|iA77JmXZru|https://randomuser.me/api/portraits/men/80.jpg|1997-04-08|2015-02-18|true
apatient3s|Arch|Patient|apatient3s@domainmarket.com|true|Cbtx73a|https://randomuser.me/api/portraits/men/45.jpg|1992-11-16|2005-08-26|true
lwyard3t|Lilah|Wyard|lwyard3t@illinois.edu|true|DfD9SKL|https://randomuser.me/api/portraits/women/3.jpg|1956-08-30|2015-02-01|true
tmathou3u|Tiffani|Mathou|tmathou3u@google.de|true|cUdhIccUzP5N|https://randomuser.me/api/portraits/women/37.jpg|1942-05-23|2001-03-07|true
ccasajuana3v|Cody|Casajuana|ccasajuana3v@dyndns.org|true|k5Cjph|https://randomuser.me/api/portraits/men/83.jpg|1981-10-13|2006-04-11|false
cgoreisr3w|Claudius|Goreisr|cgoreisr3w@abc.net.au|true|78k4YzG2|https://randomuser.me/api/portraits/men/15.jpg|1963-07-10|2002-07-14|true
ebuck3x|Evania|Buck|ebuck3x@patch.com|true|0yT75b|https://randomuser.me/api/portraits/women/30.jpg|1974-09-08|2014-01-17|false
tdener3y|Thomasine|Dener|tdener3y@comcast.net|true|UcntMdcir1pU|https://randomuser.me/api/portraits/women/78.jpg|1989-02-17|2014-07-05|true
sgiamelli3z|Sabra|Giamelli|sgiamelli3z@desdev.cn|true|fqqBo6|https://randomuser.me/api/portraits/men/74.jpg|1989-08-13|2015-05-22|true
oexley40|Orlando|Exley|oexley40@liveinternet.ru|true|IhDR7aUy|https://randomuser.me/api/portraits/men/12.jpg|2000-05-06|2013-06-26|false
fjollands41|Floyd|Jollands|fjollands41@ca.gov|true|W46m3Q|https://randomuser.me/api/portraits/men/42.jpg|1961-03-20|2003-04-08|true
lfeaveer42|Lynne|Feaveer|lfeaveer42@jiathis.com|true|9T7MbPA6|https://randomuser.me/api/portraits/women/64.jpg|1984-11-30|2003-05-26|true
cflorey43|Cory|Florey|cflorey43@fastcompany.com|true|A0BHuKKb|https://randomuser.me/api/portraits/men/78.jpg|1968-06-14|2006-03-03|true
ywalkinshaw44|Yorker|Walkinshaw|ywalkinshaw44@livejournal.com|true|UadGjQ84Js|https://randomuser.me/api/portraits/men/0.jpg|1955-08-22|2006-11-29|false
fstitch45|Freddy|Stitch|fstitch45@blog.com|true|r89ldlcqJ6|https://randomuser.me/api/portraits/men/77.jpg|1956-11-26|2010-10-31|true
tmelendez46|Tedie|Melendez|tmelendez46@people.com.cn|true|MedshOup|https://randomuser.me/api/portraits/men/91.jpg|1990-10-28|2001-11-25|true
lbailie47|Linnet|Bailie|lbailie47@cbc.ca|true|3aYh2jFQqGPd|https://randomuser.me/api/portraits/women/87.jpg|1945-10-30|2006-08-25|true
mbarriball48|Madeline|Barriball|mbarriball48@state.tx.us|true|2bCCTt|https://randomuser.me/api/portraits/women/61.jpg|1945-06-04|2008-03-19|false
rgallop49|Rosamund|Gallop|rgallop49@smugmug.com|true|EE8RL2V|https://randomuser.me/api/portraits/women/72.jpg|1961-09-06|2002-12-12|true
vcannavan4a|Vernon|Cannavan|vcannavan4a@w3.org|true|l6HnmINd|https://randomuser.me/api/portraits/men/30.jpg|1947-07-17|2005-02-25|false
mhandlin4b|Montgomery|Handlin|mhandlin4b@utexas.edu|true|9r7QRZ|https://randomuser.me/api/portraits/men/64.jpg|1941-01-19|2004-04-11|false
hsmallthwaite4c|Helen-Elizabeth|Smallthwaite|hsmallthwaite4c@miibeian.gov.cn|true|4zGWAUA|https://randomuser.me/api/portraits/women/21.jpg|1985-07-24|2014-12-17|false
cughelli4d|Carrissa|Ughelli|cughelli4d@uiuc.edu|true|bxwWzYGMWZ|https://randomuser.me/api/portraits/women/25.jpg|1998-09-26|2007-08-16|true
ddestoop4e|Donaugh|De Stoop|ddestoop4e@networkadvertising.org|true|mskWY4BKRkLl|https://randomuser.me/api/portraits/men/48.jpg|1997-08-09|2014-08-01|false
wdifrisco4f|Westbrook|Di Frisco|wdifrisco4f@shareasale.com|true|bJylq3XHRbWT|https://randomuser.me/api/portraits/men/26.jpg|1971-09-23|2004-10-08|false
cpaulitschke4g|Costanza|Paulitschke|cpaulitschke4g@ucoz.com|true|rFihkWcjLH|https://randomuser.me/api/portraits/women/6.jpg|1984-01-17|2007-10-07|true
sferbrache4h|Sabrina|Ferbrache|sferbrache4h@ehow.com|true|tSAyTVteE|https://randomuser.me/api/portraits/women/36.jpg|1976-02-10|2005-12-17|true
coloughran4i|Craggie|O'Loughran|coloughran4i@patch.com|true|37P0wjpgCeac|https://randomuser.me/api/portraits/men/20.jpg|1990-04-14|2011-10-02|false
tannesley4j|Teodora|Annesley|tannesley4j@bizjournals.com|true|fflF1t|https://randomuser.me/api/portraits/women/17.jpg|1979-10-08|2008-09-26|true
afinneran4k|Ambros|Finneran|afinneran4k@weibo.com|true|Fe62T9M|https://randomuser.me/api/portraits/men/57.jpg|1989-10-11|2005-07-17|true
espybey4l|Elane|Spybey|espybey4l@howstuffworks.com|true|Ti5MbMi|https://randomuser.me/api/portraits/women/70.jpg|1984-04-22|2012-04-26|true
kkairns4m|Kiel|Kairns|kkairns4m@gnu.org|true|FJdbxf|https://randomuser.me/api/portraits/men/41.jpg|1942-08-26|2015-06-20|false
gswatman4n|Gilligan|Swatman|gswatman4n@salon.com|true|NHVADGkIpk|https://randomuser.me/api/portraits/men/46.jpg|1989-02-13|2014-07-29|true
lbeville4o|Livvyy|Beville|lbeville4o@elegantthemes.com|true|pE7DNqEHqE4|https://randomuser.me/api/portraits/women/43.jpg|1993-11-15|2007-09-06|true
nleuty4p|Niki|Leuty|nleuty4p@gnu.org|true|ik3s6UL|https://randomuser.me/api/portraits/women/59.jpg|1990-04-26|2003-05-16|true
esheber4q|Eleanora|Sheber|esheber4q@vkontakte.ru|true|QEWKKUImTRZ|https://randomuser.me/api/portraits/women/82.jpg|1967-02-01|2012-01-17|true
pfishpoole4r|Padraic|Fishpoole|pfishpoole4r@myspace.com|true|SxZYnISUpV|https://randomuser.me/api/portraits/men/72.jpg|1941-03-09|2009-07-27|true
strustie4s|Stafford|Trustie|strustie4s@webeden.co.uk|true|Jo1qhxtrDge2|https://randomuser.me/api/portraits/men/54.jpg|1949-04-01|2012-04-14|true
jfaithorn4t|Jana|Faithorn|jfaithorn4t@skype.com|true|E8y72oH|https://randomuser.me/api/portraits/women/42.jpg|1973-08-20|2017-09-18|false
hattfield4u|Hartley|Attfield|hattfield4u@nytimes.com|true|Nr9uGa|https://randomuser.me/api/portraits/men/32.jpg|1947-01-11|2009-08-07|true
tcasement4v|Tannie|Casement|tcasement4v@psu.edu|true|JzDyKzq|https://randomuser.me/api/portraits/women/79.jpg|1965-08-08|2004-11-06|true
gcauston4w|Gabbi|Causton|gcauston4w@unblog.fr|true|GsYz42Ddn5HV|https://randomuser.me/api/portraits/women/26.jpg|1951-01-05|2013-06-16|true
snurdin4x|Sibylle|Nurdin|snurdin4x@google.cn|true|3ovnXrV2|https://randomuser.me/api/portraits/women/48.jpg|1988-08-19|2004-06-14|false
gwaistall4y|Gallard|Waistall|gwaistall4y@toplist.cz|true|ofXfDJCON|https://randomuser.me/api/portraits/men/18.jpg|1955-02-28|2011-01-17|true
ahryskiewicz4z|Allister|Hryskiewicz|ahryskiewicz4z@lulu.com|true|QJ6oY0J3lCz|https://randomuser.me/api/portraits/men/94.jpg|1940-09-20|2017-08-20|true
gbrenston50|Gwyn|Brenston|gbrenston50@4shared.com|true|5zGpRyY3UXs|https://randomuser.me/api/portraits/men/71.jpg|1978-05-22|2007-03-20|false
jsent51|Jillana|Sent|jsent51@hexun.com|true|IWvbnFVmJe|https://randomuser.me/api/portraits/women/92.jpg|1972-01-20|2001-05-17|false
weveringham52|Welch|Everingham|weveringham52@fc2.com|true|WWCqMVk|https://randomuser.me/api/portraits/men/49.jpg|1965-11-07|2014-07-25|true
rbernholt53|Rog|Bernholt|rbernholt53@plala.or.jp|true|QaX07m|https://randomuser.me/api/portraits/men/21.jpg|1963-05-10|2011-03-29|true
tburgwin54|Tory|Burgwin|tburgwin54@thetimes.co.uk|true|pVTS0QM|https://randomuser.me/api/portraits/women/10.jpg|1999-04-28|2013-10-28|false
fbowbrick55|Fielding|Bowbrick|fbowbrick55@yale.edu|true|QX0UXY4s4X|https://randomuser.me/api/portraits/men/5.jpg|1943-05-14|2010-01-24|false
bphilbrick56|Byrann|Philbrick|bphilbrick56@free.fr|true|79iGzpXiy64P|https://randomuser.me/api/portraits/men/19.jpg|1995-04-06|2013-09-01|true
uabercromby57|Ulrike|Abercromby|uabercromby57@omniture.com|true|QrTlxR4|https://randomuser.me/api/portraits/men/55.jpg|1949-12-28|2017-10-11|true
sleamy58|Shaylyn|Leamy|sleamy58@elpais.com|true|CdRit2JJO|https://randomuser.me/api/portraits/women/93.jpg|2000-08-12|2014-02-10|true
asalvadori59|Asa|Salvadori|asalvadori59@hp.com|true|nUtjhbPZq|https://randomuser.me/api/portraits/women/81.jpg|1943-07-20|2014-09-22|false
sshine5a|Steffane|Shine|sshine5a@a8.net|true|aoqppkuoKc4|https://randomuser.me/api/portraits/men/81.jpg|1950-04-12|2008-01-27|false
ialexis5b|Ike|Alexis|ialexis5b@dyndns.org|true|pXPPTpj6uv|https://randomuser.me/api/portraits/men/34.jpg|1994-03-16|2012-04-09|true
bbachmann5c|Berky|Bachmann|bbachmann5c@tuttocitta.it|true|5rwfdpUuK48v|https://randomuser.me/api/portraits/men/31.jpg|1940-03-04|2002-05-28|true
rgambles5d|Rosaleen|Gambles|rgambles5d@nydailynews.com|true|VBXtYDG2|https://randomuser.me/api/portraits/women/4.jpg|1979-04-03|2013-03-06|true
ejerzykiewicz5e|Elva|Jerzykiewicz|ejerzykiewicz5e@scientificamerican.com|true|4T1gqb|https://randomuser.me/api/portraits/women/41.jpg|1996-01-21|2005-03-16|true
jseldon5f|Julina|Seldon|jseldon5f@trellian.com|true|XGI01K5wX37d|https://randomuser.me/api/portraits/women/74.jpg|1945-09-26|2009-04-06|true
bbraham5g|Brockie|Braham|bbraham5g@yale.edu|true|vgVAh20nxI|https://randomuser.me/api/portraits/men/13.jpg|1962-05-19|2013-02-22|false
drothwell5h|Dore|Rothwell|drothwell5h@discuz.net|true|61VCFLT6i|https://randomuser.me/api/portraits/women/8.jpg|1976-10-05|2007-12-24|true
cskough5i|Cobb|Skough|cskough5i@yelp.com|true|OakMEl1n2|https://randomuser.me/api/portraits/men/37.jpg|1944-08-10|2013-05-11|false
gmcvitty5j|Gweneth|McVitty|gmcvitty5j@techcrunch.com|true|xcPpTzh1|https://randomuser.me/api/portraits/women/38.jpg|1992-10-28|2011-10-14|false
scolbron5k|Shaylyn|Colbron|scolbron5k@cbc.ca|true|WgXv9i9nxMD|https://randomuser.me/api/portraits/women/11.jpg|1944-12-22|2004-02-11|false
roldey5l|Rourke|Oldey|roldey5l@java.com|true|i27T6vuz|https://randomuser.me/api/portraits/men/17.jpg|1983-09-01|2017-09-10|true
bpetchey5m|Banky|Petchey|bpetchey5m@wikispaces.com|true|yqiIWSoSWFvK|https://randomuser.me/api/portraits/men/65.jpg|1964-04-15|2002-02-20|true
jstjohn5n|Juanita|St. John|jstjohn5n@163.com|true|u1Meqz2C|https://randomuser.me/api/portraits/women/83.jpg|1970-04-15|2003-07-08|true
lkenwell5o|Lief|Kenwell|lkenwell5o@netvibes.com|true|KeBQKHF9j56|https://randomuser.me/api/portraits/men/2.jpg|1970-09-01|2012-01-02|false
gdominelli5p|Griffin|Dominelli|gdominelli5p@barnesandnoble.com|true|Dowue0RYP|https://randomuser.me/api/portraits/men/56.jpg|1948-01-12|2005-08-02|true
tmatussevich5q|Tobiah|Matussevich|tmatussevich5q@booking.com|true|DP5z1Clycj0|https://randomuser.me/api/portraits/men/7.jpg|1954-04-18|2003-09-30|true
fruncie5r|Far|Runcie|fruncie5r@csmonitor.com|true|gwrwM6sRt|https://randomuser.me/api/portraits/men/44.jpg|1974-03-15|2007-07-31|true
mrainger5s|Mina|Rainger|mrainger5s@opensource.org|true|eLOr9o|https://randomuser.me/api/portraits/women/85.jpg|1979-04-08|2005-10-15|true
mrussel5t|Moses|Russel|mrussel5t@comcast.net|true|HqIgCgf|https://randomuser.me/api/portraits/men/10.jpg|1966-01-27|2016-06-29|true
jgosnold5u|Jeri|Gosnold|jgosnold5u@theguardian.com|true|qCyf3ARLro|https://randomuser.me/api/portraits/women/44.jpg|1994-09-28|2009-09-09|true
kkemery5v|Karlene|Kemery|kkemery5v@youku.com|true|Nrl3hDzTbJ17|https://randomuser.me/api/portraits/women/86.jpg|1993-04-18|2007-03-11|false
gtomaszczyk5w|Germain|Tomaszczyk|gtomaszczyk5w@rambler.ru|true|mNYD8FFTJCc|https://randomuser.me/api/portraits/men/36.jpg|1963-12-25|2008-05-23|true
lradnedge5x|Liva|Radnedge|lradnedge5x@economist.com|true|PQEWwxkbp|https://randomuser.me/api/portraits/women/77.jpg|1971-06-29|2002-12-10|true
atitmuss5y|Aggi|Titmuss|atitmuss5y@amazon.com|true|jN9rHK|https://randomuser.me/api/portraits/women/17.jpg|1997-02-07|2017-03-19|false
qmcsaul5z|Quint|McSaul|qmcsaul5z@ihg.com|true|JtArZvYuSAOJ|https://randomuser.me/api/portraits/men/67.jpg|1961-10-30|2012-03-13|true
jjarmyn60|Jobi|Jarmyn|jjarmyn60@phpbb.com|true|JlCFUU|https://randomuser.me/api/portraits/men/62.jpg|1990-02-17|2004-10-18|false
kpanons61|Kaspar|Panons|kpanons61@trellian.com|true|MNh2BWGzLrZH|https://randomuser.me/api/portraits/men/20.jpg|1941-12-25|2013-05-13|true
rshelley62|Rosene|Shelley|rshelley62@youku.com|true|cgPaYO|https://randomuser.me/api/portraits/women/27.jpg|1957-09-22|2007-04-28|true
asyphus63|Andra|Syphus|asyphus63@aboutads.info|true|dqq8aRY|https://randomuser.me/api/portraits/women/6.jpg|1977-10-17|2004-09-15|true
kpetty64|King|Petty|kpetty64@shoppro.jp|true|WCHwjqR|https://randomuser.me/api/portraits/men/5.jpg|1971-08-13|2007-12-28|true
dtuxell65|Darcey|Tuxell|dtuxell65@posterous.com|true|x0awttscJqvw|https://randomuser.me/api/portraits/men/63.jpg|1950-05-13|2016-12-20|false
zcoy66|Zebulon|Coy|zcoy66@unesco.org|true|TlwKsr3GwCs0|https://randomuser.me/api/portraits/men/0.jpg|1963-03-16|2001-09-23|false
nleys67|Norry|Leys|nleys67@reverbnation.com|true|U23hGcwT0lAm|https://randomuser.me/api/portraits/men/79.jpg|1958-02-21|2009-11-04|true
cburree68|Clemente|Burree|cburree68@sakura.ne.jp|true|5yqvlPa5|https://randomuser.me/api/portraits/men/40.jpg|1956-11-11|2005-01-13|true
ateager69|Adel|Teager|ateager69@tinypic.com|true|ZAvRCRrnDoOo|https://randomuser.me/api/portraits/women/61.jpg|1951-08-26|2006-11-19|false
rleworthy6a|Rollie|Leworthy|rleworthy6a@blogger.com|true|didft8|https://randomuser.me/api/portraits/men/62.jpg|1966-11-20|2015-01-14|true
thambly6b|Torey|Hambly|thambly6b@irs.gov|true|Nwoj4mlWq|https://randomuser.me/api/portraits/men/15.jpg|1978-07-22|2006-06-03|false
rtong6c|Raven|Tong|rtong6c@skype.com|true|CNny2Q33wSP0|https://randomuser.me/api/portraits/men/57.jpg|1996-05-12|2002-01-04|true
ajiles6d|Andeee|Jiles|ajiles6d@reverbnation.com|true|8uUggEppZw3|https://randomuser.me/api/portraits/men/32.jpg|1987-04-04|2010-08-12|false
tguest6e|Theresa|Guest|tguest6e@epa.gov|true|5lYn9MU2p|https://randomuser.me/api/portraits/women/29.jpg|1981-07-25|2017-10-20|false
tblader6f|Taryn|Blader|tblader6f@usgs.gov|true|T7C4DLS3O63w|https://randomuser.me/api/portraits/women/94.jpg|1971-12-22|2002-02-08|true
tbagnold6g|Tate|Bagnold|tbagnold6g@about.com|true|V8u6YNoB|https://randomuser.me/api/portraits/men/21.jpg|1983-08-02|2009-11-11|false
adureden6h|Asher|Dureden|adureden6h@state.tx.us|true|3ovh60SRr22S|https://randomuser.me/api/portraits/men/64.jpg|1991-12-14|2013-10-28|true
adesvignes6i|Almeta|Desvignes|adesvignes6i@census.gov|true|Lfc0OMQ|https://randomuser.me/api/portraits/women/85.jpg|1980-08-22|2008-09-29|true
fbannell6j|Falito|Bannell|fbannell6j@theatlantic.com|true|eoytCc3uZ|https://randomuser.me/api/portraits/men/18.jpg|1985-11-27|2008-01-07|true
rbagnall6k|Riki|Bagnall|rbagnall6k@answers.com|true|gM0wq8MA|https://randomuser.me/api/portraits/men/26.jpg|1990-12-05|2007-10-15|true
sjirek6l|Sammie|Jirek|sjirek6l@nationalgeographic.com|true|BhxLRZnBd|https://randomuser.me/api/portraits/women/11.jpg|1974-02-22|2006-03-29|false
mprobert6m|Marline|Probert|mprobert6m@storify.com|true|YPyQtX|https://randomuser.me/api/portraits/women/87.jpg|1951-09-30|2007-12-23|true
mkoppe6n|Merline|Koppe|mkoppe6n@nih.gov|true|z1CYCF|https://randomuser.me/api/portraits/women/90.jpg|1967-09-06|2008-07-05|false
lgunningham6o|Leela|Gunningham|lgunningham6o@toplist.cz|true|AdJ13SWv7|https://randomuser.me/api/portraits/women/20.jpg|1956-07-27|2006-09-20|true
mmackowle6p|Myrle|MacKowle|mmackowle6p@discovery.com|true|b2sQzyT9|https://randomuser.me/api/portraits/men/71.jpg|1954-01-11|2011-02-27|false
claight6q|Charlotte|Laight|claight6q@cafepress.com|true|ZUIkyROrn|https://randomuser.me/api/portraits/women/72.jpg|1988-06-23|2016-07-28|true
bbegley6r|Berton|Begley|bbegley6r@blog.com|true|Jx5m95L|https://randomuser.me/api/portraits/men/45.jpg|1978-10-28|2017-09-25|false
bblenkensop6s|Biron|Blenkensop|bblenkensop6s@home.pl|true|rZDfqzfA|https://randomuser.me/api/portraits/men/13.jpg|1974-06-20|2011-09-21|true
mmcpike6t|Mitch|McPike|mmcpike6t@netvibes.com|true|51JBfFG0w|https://randomuser.me/api/portraits/men/77.jpg|1990-05-18|2009-04-16|true
srapley6u|Starr|Rapley|srapley6u@usa.gov|true|X8NmrNOYjKr|https://randomuser.me/api/portraits/women/45.jpg|2000-02-20|2002-04-09|true
adumbelton6v|Allyson|Dumbelton|adumbelton6v@123reg.co.uk|true|z64Ktvb|https://randomuser.me/api/portraits/women/59.jpg|1958-01-30|2001-07-18|true
lfitzgeorge6w|Lamont|FitzGeorge|lfitzgeorge6w@reuters.com|true|uVHIILo2y5|https://randomuser.me/api/portraits/men/16.jpg|1980-11-03|2011-10-22|true
smann6x|Saidee|Mann|smann6x@wufoo.com|true|JZiz9EN|https://randomuser.me/api/portraits/women/40.jpg|1956-12-19|2012-05-05|true
lbrandenberg6y|Loy|Brandenberg|lbrandenberg6y@mozilla.com|true|giN3C3y|https://randomuser.me/api/portraits/men/51.jpg|1953-01-18|2015-03-15|true
mroomes6z|Mariele|Roomes|mroomes6z@sogou.com|true|IKu1GGd6b|https://randomuser.me/api/portraits/women/25.jpg|1951-05-23|2016-08-27|true
elenin70|Ewell|Lenin|elenin70@zdnet.com|true|RAraBPw|https://randomuser.me/api/portraits/women/76.jpg|1954-03-17|2008-06-19|false
cwalwood71|Callie|Walwood|cwalwood71@aboutads.info|true|3wz7CZtw|https://randomuser.me/api/portraits/women/33.jpg|1996-12-01|2012-08-02|false
ctrippitt72|Claudine|Trippitt|ctrippitt72@wsj.com|true|zzBER1WH|https://randomuser.me/api/portraits/women/39.jpg|1949-01-28|2017-04-28|false
wklyner73|Wolf|Klyner|wklyner73@slashdot.org|true|gdbQMVn|https://randomuser.me/api/portraits/men/74.jpg|1985-06-08|2017-10-02|true
kbadsworth74|Kania|Badsworth|kbadsworth74@163.com|true|hdRGTaRBk|https://randomuser.me/api/portraits/women/60.jpg|1958-11-09|2002-09-16|true
acesconi75|Alla|Cesconi|acesconi75@cdbaby.com|true|NQ8dPEQ7tlbJ|https://randomuser.me/api/portraits/women/31.jpg|1960-02-27|2016-05-14|true
lkoppe76|Liliane|Koppe|lkoppe76@sciencedaily.com|true|iDFZwRfT|https://randomuser.me/api/portraits/women/3.jpg|1987-08-13|2007-01-27|true
rpaolacci77|Rene|Paolacci|rpaolacci77@seattletimes.com|true|wOzvPo3R|https://randomuser.me/api/portraits/women/67.jpg|2000-08-17|2009-11-15|true
mblazewski78|Marleen|Blazewski|mblazewski78@typepad.com|true|k8wvVp|https://randomuser.me/api/portraits/women/68.jpg|1951-05-17|2016-05-15|true
jshapira79|Josephina|Shapira|jshapira79@bizjournals.com|true|W7NYO2BQ5|https://randomuser.me/api/portraits/women/57.jpg|1965-11-04|2006-11-10|true
imedina7a|Inglis|Medina|imedina7a@slashdot.org|true|6FXCyfTxIrb|https://randomuser.me/api/portraits/men/1.jpg|1950-05-12|2005-12-09|false
cfitzgibbon7b|Carolan|FitzGibbon|cfitzgibbon7b@pbs.org|true|gB33Kx|https://randomuser.me/api/portraits/women/7.jpg|1973-07-23|2010-10-26|true
misaksson7c|Marylynne|Isaksson|misaksson7c@creativecommons.org|true|F9bxb3H33mIe|https://randomuser.me/api/portraits/women/66.jpg|1986-03-15|2009-01-04|false
dquested7d|Demetri|Quested|dquested7d@gravatar.com|true|HWAiJOFTZ|https://randomuser.me/api/portraits/men/89.jpg|1960-09-16|2006-10-11|true
gmackibbon7e|Georgy|MacKibbon|gmackibbon7e@e-recht24.de|true|hQqJ9Yfq|https://randomuser.me/api/portraits/men/42.jpg|1953-04-23|2014-09-23|true
abrecknock7f|Andros|Brecknock|abrecknock7f@psu.edu|true|PzHsoE4gEDf|https://randomuser.me/api/portraits/men/54.jpg|2000-11-10|2010-05-07|false
bwarwicker7g|Bonita|Warwicker|bwarwicker7g@msu.edu|true|uawcGCXs6|https://randomuser.me/api/portraits/women/0.jpg|1950-12-20|2010-09-17|false
omccallum7h|Oswald|McCallum|omccallum7h@usgs.gov|true|Hq0hl1Yo|https://randomuser.me/api/portraits/men/67.jpg|1950-12-18|2008-11-06|true
dgettone7i|Donalt|Gettone|dgettone7i@elpais.com|true|dD6W7BwROlWs|https://randomuser.me/api/portraits/men/24.jpg|1959-02-28|2004-01-08|false
cmuzzullo7j|Clari|Muzzullo|cmuzzullo7j@mail.ru|true|6ogbKkGs|https://randomuser.me/api/portraits/women/16.jpg|1974-06-22|2015-11-25|true
akaming7k|Annemarie|Kaming|akaming7k@rakuten.co.jp|true|si7ITohl|https://randomuser.me/api/portraits/women/2.jpg|1999-10-09|2011-04-28|true
gsolway7l|Gun|Solway|gsolway7l@cbc.ca|true|0Wza6Ft3P|https://randomuser.me/api/portraits/men/75.jpg|1946-10-28|2005-12-09|false
mwestwell7m|Maurise|Westwell|mwestwell7m@ftc.gov|true|R3tHj7NHDg|https://randomuser.me/api/portraits/men/9.jpg|1981-01-14|2006-06-19|false
bholston7n|Brook|Holston|bholston7n@blog.com|true|5yT8yKvIjov|https://randomuser.me/api/portraits/women/34.jpg|1943-03-07|2002-01-06|true
cben7o|Chrystel|Ben|cben7o@dailymotion.com|true|MVFNqMipQF|https://randomuser.me/api/portraits/women/73.jpg|1950-01-04|2005-10-02|true
sdrinkall7p|Sharai|Drinkall|sdrinkall7p@github.com|true|h7jCaf|https://randomuser.me/api/portraits/women/46.jpg|1940-05-01|2003-03-01|false
kcrummie7q|Kizzee|Crummie|kcrummie7q@moonfruit.com|true|zEy0EcOT|https://randomuser.me/api/portraits/women/17.jpg|1948-05-14|2010-01-27|true
srudall7r|Stephana|Rudall|srudall7r@mysql.com|true|alhZ6iJD8|https://randomuser.me/api/portraits/women/89.jpg|1940-07-02|2015-04-16|true
sbenito7s|Suki|Benito|sbenito7s@reference.com|true|6VosBd|https://randomuser.me/api/portraits/men/81.jpg|1944-09-19|2010-07-13|false
slytell7t|Salvidor|Lytell|slytell7t@wired.com|true|vr6Ty1R|https://randomuser.me/api/portraits/men/88.jpg|1952-12-04|2004-09-12|true
lchander7u|Lewie|Chander|lchander7u@cbsnews.com|true|agmLhkdeI6|https://randomuser.me/api/portraits/men/34.jpg|1992-10-06|2013-02-22|false
vohone7v|Veda|O'Hone|vohone7v@ihg.com|true|OeawRUU8|https://randomuser.me/api/portraits/women/55.jpg|1986-01-02|2001-09-21|true
jhembery7w|Joellen|Hembery|jhembery7w@godaddy.com|true|JV1JUsP0W6lA|https://randomuser.me/api/portraits/women/19.jpg|1979-01-03|2003-12-20|true
cedbrooke7x|Cherianne|Edbrooke|cedbrooke7x@comcast.net|true|wXphi73|https://randomuser.me/api/portraits/women/74.jpg|1981-07-12|2005-11-13|true
hharriot7y|Hyacinth|Harriot|hharriot7y@intel.com|true|qKKtsWMkCFlS|https://randomuser.me/api/portraits/women/58.jpg|1977-01-20|2017-09-12|false
hbeagin7z|Hadria|Beagin|hbeagin7z@loc.gov|true|2CNTtycLts|https://randomuser.me/api/portraits/women/71.jpg|1944-08-06|2003-06-27|true
dmcneilly80|Darla|McNeilly|dmcneilly80@house.gov|true|Gpm8JquMn77|https://randomuser.me/api/portraits/women/80.jpg|1946-09-14|2013-02-08|true
bleimster81|Bartel|Leimster|bleimster81@netscape.com|true|bYAM6x1|https://randomuser.me/api/portraits/men/46.jpg|1985-01-28|2008-08-19|false
cmonte82|Collen|Monte|cmonte82@nyu.edu|true|dpn5eU|https://randomuser.me/api/portraits/men/62.jpg|2000-05-16|2003-07-15|true
kgarroway83|Kirk|Garroway|kgarroway83@chronoengine.com|true|8C3Yzre50|https://randomuser.me/api/portraits/men/64.jpg|1978-12-27|2013-09-01|true
fklimt84|Fair|Klimt|fklimt84@4shared.com|true|DJjtuJtX0oa|https://randomuser.me/api/portraits/men/14.jpg|1953-08-25|2013-09-29|true
jirvin85|June|Irvin|jirvin85@un.org|true|m1huzVCWkj5|https://randomuser.me/api/portraits/women/64.jpg|1964-09-16|2002-12-03|false
emcgrae86|Eldredge|McGrae|emcgrae86@barnesandnoble.com|true|wDfgUEBrOy|https://randomuser.me/api/portraits/men/88.jpg|1985-11-17|2011-01-18|true
sdwelly87|Sibyl|Dwelly|sdwelly87@desdev.cn|true|j7DaeC|https://randomuser.me/api/portraits/women/93.jpg|1998-08-16|2004-03-19|true
uvergo88|Urbain|Vergo|uvergo88@sciencedaily.com|true|wbmw3ZC23|https://randomuser.me/api/portraits/men/41.jpg|1975-09-22|2010-05-05|false
kroyds89|Korney|Royds|kroyds89@bloomberg.com|true|b2UL7k9a0643|https://randomuser.me/api/portraits/men/15.jpg|1967-10-20|2006-10-27|true
cmark8a|Coletta|Mark|cmark8a@blogtalkradio.com|true|pgoHhzAPKf|https://randomuser.me/api/portraits/women/35.jpg|1949-11-23|2012-10-08|true
fseamon8b|Faina|Seamon|fseamon8b@huffingtonpost.com|true|Xx5SqeUCoZVd|https://randomuser.me/api/portraits/women/62.jpg|1965-06-04|2015-02-21|true
hevreux8c|Hagen|Evreux|hevreux8c@ycombinator.com|true|SbgVJ5Xi|https://randomuser.me/api/portraits/men/57.jpg|1975-02-24|2015-09-13|true
chebble8d|Carmine|Hebble|chebble8d@unicef.org|true|UGlDQT|https://randomuser.me/api/portraits/men/18.jpg|1967-02-12|2012-11-13|true
aadamczyk8e|Atlante|Adamczyk|aadamczyk8e@nifty.com|true|aTBEQJFwOO|https://randomuser.me/api/portraits/men/80.jpg|1990-06-01|2014-01-04|false
cgrinaway8f|Crista|Grinaway|cgrinaway8f@usda.gov|true|oz5kjvGH|https://randomuser.me/api/portraits/women/15.jpg|1957-11-17|2003-08-08|true
jfearnall8g|Jacob|Fearnall|jfearnall8g@domainmarket.com|true|7D2VV0qXUtd|https://randomuser.me/api/portraits/men/4.jpg|1943-06-23|2008-12-15|true
agimeno8h|Alina|Gimeno|agimeno8h@google.nl|true|TWgUkXxw5|https://randomuser.me/api/portraits/women/38.jpg|1955-01-11|2001-06-16|true
qlammertz8i|Quinta|Lammertz|qlammertz8i@who.int|true|xp8RZO|https://randomuser.me/api/portraits/women/13.jpg|1989-10-30|2013-03-13|true
elissandri8j|Ernaline|Lissandri|elissandri8j@jalbum.net|true|WGuGMFiK|https://randomuser.me/api/portraits/women/56.jpg|1951-11-09|2017-05-01|true
condrich8k|Corbet|Ondrich|condrich8k@japanpost.jp|true|VQuNJjy9dgBp|https://randomuser.me/api/portraits/men/21.jpg|1979-11-07|2017-11-13|false
dmomford8l|Derward|Momford|dmomford8l@51.la|true|60KxT6Dv5pJO|https://randomuser.me/api/portraits/men/42.jpg|1991-10-20|2015-08-20|false
mleggis8m|Mallissa|Leggis|mleggis8m@weather.com|true|WfmNZg|https://randomuser.me/api/portraits/women/18.jpg|1969-10-04|2007-05-05|false
ogornall8n|Onofredo|Gornall|ogornall8n@oracle.com|true|1WCsc09|https://randomuser.me/api/portraits/men/83.jpg|1982-07-07|2003-11-26|true
jguise8o|Josy|Guise|jguise8o@ucoz.com|true|xw7gNY|https://randomuser.me/api/portraits/women/75.jpg|1972-05-26|2006-02-07|false
wmcgonigal8p|Winni|McGonigal|wmcgonigal8p@facebook.com|true|TciI91C3m7KX|https://randomuser.me/api/portraits/women/41.jpg|1969-06-28|2002-07-15|false
gcarrabott8q|Gardener|Carrabott|gcarrabott8q@t.co|true|MyjRscG42B|https://randomuser.me/api/portraits/men/93.jpg|1983-09-18|2008-06-19|true
tpleasance8r|Tracey|Pleasance|tpleasance8r@diigo.com|true|9jPu6NcLyvub|https://randomuser.me/api/portraits/women/22.jpg|1981-06-18|2011-10-10|true
rsawle8s|Rakel|Sawle|rsawle8s@domainmarket.com|true|RYlAy0fwrF|https://randomuser.me/api/portraits/men/72.jpg|1952-09-26|2017-01-26|false
nmussilli8t|Normie|Mussilli|nmussilli8t@umich.edu|true|dRkwd2MayA1D|https://randomuser.me/api/portraits/men/45.jpg|1979-12-22|2013-04-23|true
mgreystoke8u|Mirna|Greystoke|mgreystoke8u@nymag.com|true|NerOgcY|https://randomuser.me/api/portraits/women/24.jpg|1961-07-09|2005-09-18|true
fallix8v|Fidela|Allix|fallix8v@telegraph.co.uk|true|dY1QXjTIg936|https://randomuser.me/api/portraits/women/65.jpg|1973-07-25|2009-03-10|true
crickword8w|Clywd|Rickword|crickword8w@nydailynews.com|true|gtTZTc27Dxf9|https://randomuser.me/api/portraits/men/79.jpg|1999-09-25|2003-02-21|false
hvolke8x|Halette|Volke|hvolke8x@google.co.uk|true|FBhAncj8Wg5x|https://randomuser.me/api/portraits/women/84.jpg|1942-06-11|2015-11-27|true
aacosta8y|Adolphe|Acosta|aacosta8y@reddit.com|true|s3XplLkI|https://randomuser.me/api/portraits/men/63.jpg|1958-10-02|2007-11-18|false
mhaggard8z|Maude|Haggard|mhaggard8z@sfgate.com|true|IX8AIRZekl|https://randomuser.me/api/portraits/women/88.jpg|1965-07-12|2003-04-06|false
ieilhertsen90|Isabeau|Eilhertsen|ieilhertsen90@foxnews.com|true|2WRYXD|https://randomuser.me/api/portraits/women/44.jpg|1951-06-18|2011-08-23|false
cengeham91|Casandra|Engeham|cengeham91@prlog.org|true|AppQ7ai8|https://randomuser.me/api/portraits/women/28.jpg|1975-08-08|2007-01-10|true
ksollner92|Karoly|Sollner|ksollner92@buzzfeed.com|true|osweUCu|https://randomuser.me/api/portraits/men/37.jpg|1965-12-25|2014-07-29|false
wsimoncello93|Willie|Simoncello|wsimoncello93@cafepress.com|true|fF7vUzenvW2t|https://randomuser.me/api/portraits/men/89.jpg|1951-06-06|2002-12-05|false
pleathers94|Perice|Leathers|pleathers94@nydailynews.com|true|oM22a9OMRrw|https://randomuser.me/api/portraits/women/50.jpg|1999-09-14|2016-11-20|false
wbattman95|Willabella|Battman|wbattman95@domainmarket.com|true|x1oaAG1lZvBY|https://randomuser.me/api/portraits/women/7.jpg|1977-02-15|2003-09-05|true
dlowes96|Debbi|Lowes|dlowes96@w3.org|true|M6aynnlRD1|https://randomuser.me/api/portraits/women/69.jpg|1992-11-10|2002-02-09|true
wbirkinshaw97|Waly|Birkinshaw|wbirkinshaw97@foxnews.com|true|R6XvpWKPfG0|https://randomuser.me/api/portraits/men/5.jpg|1941-01-29|2006-04-02|true
pfarey98|Patrick|Farey|pfarey98@slideshare.net|true|EYiMoW|https://randomuser.me/api/portraits/men/92.jpg|1951-12-30|2015-07-25|false
finnocent99|Federica|Innocent|finnocent99@ca.gov|true|afXpmwco|https://randomuser.me/api/portraits/women/40.jpg|1942-01-28|2015-05-27|true
kpetters9a|Kingston|Petters|kpetters9a@baidu.com|true|0HG2w5Z|https://randomuser.me/api/portraits/men/30.jpg|1993-03-23|2010-10-14|false
lbennedick9b|Lizzie|Bennedick|lbennedick9b@barnesandnoble.com|true|UWkYEzm|https://randomuser.me/api/portraits/women/0.jpg|1941-07-03|2010-06-19|false
epurvess9c|Egon|Purvess|epurvess9c@moonfruit.com|true|9EvN6vN2|https://randomuser.me/api/portraits/men/0.jpg|1966-04-06|2006-03-26|false
rodoghesty9d|Rinaldo|O'Doghesty|rodoghesty9d@ask.com|true|YFqtXdkGhiDf|https://randomuser.me/api/portraits/men/78.jpg|1987-09-16|2012-03-16|true
joxberry9e|Jermain|Oxberry|joxberry9e@cnn.com|true|p2ciZb0NLrNH|https://randomuser.me/api/portraits/men/11.jpg|1969-05-03|2014-10-28|true
flambart9f|Frannie|Lambart|flambart9f@unicef.org|true|vbgiYxs|https://randomuser.me/api/portraits/women/88.jpg|1994-06-01|2001-03-17|true
fklimuk9g|Fee|Klimuk|fklimuk9g@thetimes.co.uk|true|iPk637EI|https://randomuser.me/api/portraits/men/47.jpg|1991-05-01|2011-03-27|false
sgoulston9h|Sherilyn|Goulston|sgoulston9h@yandex.ru|true|GPupUX|https://randomuser.me/api/portraits/women/22.jpg|1995-10-12|2014-07-28|false
hroiz9i|Hilliary|Roiz|hroiz9i@walmart.com|true|PCqIHJE8doth|https://randomuser.me/api/portraits/women/80.jpg|1964-02-15|2013-06-27|true
dnorbury9j|Dorothee|Norbury|dnorbury9j@redcross.org|true|Eu6b3q|https://randomuser.me/api/portraits/women/53.jpg|1996-07-28|2004-10-21|false
lreitenbach9k|Lauren|Reitenbach|lreitenbach9k@wunderground.com|true|CmjPaJ|https://randomuser.me/api/portraits/women/67.jpg|1947-03-28|2008-10-25|true
hhollingsbee9l|Heinrick|Hollingsbee|hhollingsbee9l@histats.com|true|12345|https://randomuser.me/api/portraits/men/87.jpg|1965-01-12|2011-01-23|true
dtirone9m|Donielle|Tirone|dtirone9m@digg.com|true|B9rLTx5|https://randomuser.me/api/portraits/women/35.jpg|1973-01-10|2015-06-30|true
dgilbey9n|Danell|Gilbey|dgilbey9n@list-manage.com|true|lgySi6|https://randomuser.me/api/portraits/women/16.jpg|1985-03-14|2004-03-14|true
khodgin9o|Keslie|Hodgin|khodgin9o@tripod.com|true|R6lCH3KRBkVL|https://randomuser.me/api/portraits/women/89.jpg|1998-07-31|2002-11-13|true
apestell9p|Ardra|Pestell|apestell9p@phpbb.com|true|cM1F5Tt|https://randomuser.me/api/portraits/women/20.jpg|1947-07-26|2016-07-25|false
vmccaster9q|Vladimir|McCaster|vmccaster9q@rambler.ru|true|nS5ato2sba|https://randomuser.me/api/portraits/men/22.jpg|1955-07-06|2008-10-30|true
choovart9r|Cate|Hoovart|choovart9r@ovh.net|true|jW201ej|https://randomuser.me/api/portraits/women/55.jpg|1953-06-29|2007-07-04|true
apattison9s|Adena|Pattison|apattison9s@technorati.com|true|nAzvxMdDocuc|https://randomuser.me/api/portraits/women/15.jpg|1962-03-09|2013-10-14|false
sspick9t|Storm|Spick|sspick9t@shareasale.com|true|bquBOLZmot3|https://randomuser.me/api/portraits/men/61.jpg|1943-02-13|2001-12-11|false
abelfield9u|Arlene|Belfield|abelfield9u@umich.edu|true|WdWQVdzbjCN|https://randomuser.me/api/portraits/women/84.jpg|1988-10-18|2014-10-10|true
ncamamile9v|Norah|Camamile|ncamamile9v@dmoz.org|true|12345|https://randomuser.me/api/portraits/women/66.jpg|1999-07-25|2017-04-04|true
jlaskey9w|Johnna|Laskey|jlaskey9w@smh.com.au|true|HS6H1k|https://randomuser.me/api/portraits/women/24.jpg|1949-07-20|2015-12-01|false
tbolletti9x|Tabbie|Bolletti|tbolletti9x@linkedin.com|true|8Fe2q3FoMcUa|https://randomuser.me/api/portraits/women/73.jpg|1993-03-23|2010-02-05|true
cleagas9y|Chloris|Leagas|cleagas9y@pcworld.com|true|KItt1YnF|https://randomuser.me/api/portraits/women/34.jpg|1975-08-08|2017-03-15|false
probus9z|Pearle|Robus|probus9z@163.com|true|sxanjtel|https://randomuser.me/api/portraits/women/46.jpg|1993-11-30|2004-11-11|false
dskippona0|Dyanne|Skippon|dskippona0@hatena.ne.jp|true|7U1NC84CgCy4|https://randomuser.me/api/portraits/women/49.jpg|1951-10-04|2014-03-08|false
gpurchalla1|Goldi|Purchall|gpurchalla1@jigsy.com|true|GNEJ1SO4MR|https://randomuser.me/api/portraits/women/71.jpg|1959-01-29|2007-09-07|false
cschaumanna2|Calley|Schaumann|cschaumanna2@amazon.de|true|yjsmxROYmFCp|https://randomuser.me/api/portraits/women/1.jpg|1978-09-10|2007-01-05|true
ahabershona3|Albertine|Habershon|ahabershona3@nsw.gov.au|true|I8HGV2YlPX|https://randomuser.me/api/portraits/women/9.jpg|1968-02-20|2009-09-08|true
akirlina4|Alexa|Kirlin|akirlina4@accuweather.com|true|EZ9nVzKj|https://randomuser.me/api/portraits/women/45.jpg|1997-03-03|2014-02-18|true
adundina5|Alethea|Dundin|adundina5@usda.gov|true|ArlvCaBBKoh|https://randomuser.me/api/portraits/women/58.jpg|1969-05-22|2005-06-21|false
edillingstonea6|Ethelin|Dillingstone|edillingstonea6@economist.com|true|KgI5eGO3AkW9|https://randomuser.me/api/portraits/women/68.jpg|1962-06-10|2002-05-20|true
ibassinghama7|Isa|Bassingham|ibassinghama7@hhs.gov|true|lG6kuM47V6|https://randomuser.me/api/portraits/women/19.jpg|1971-09-13|2005-08-01|false
asachera8|Arin|Sacher|asachera8@slashdot.org|true|y8TJE9P8W|https://randomuser.me/api/portraits/women/18.jpg|1948-06-18|2007-04-10|true
joldhama9|Jorrie|Oldham|joldhama9@state.gov|true|nwCs4fQ9|https://randomuser.me/api/portraits/women/74.jpg|1961-04-09|2008-01-23|true
mtomlinaa|Marge|Tomlin|mtomlinaa@japanpost.jp|true|BEqqHOCPK1|https://randomuser.me/api/portraits/women/11.jpg|1968-02-29|2004-12-17|true
rboulgerab|Roxy|Boulger|rboulgerab@netvibes.com|true|LaOfBfMj|https://randomuser.me/api/portraits/women/60.jpg|1995-03-31|2015-01-03|false
yduckerinac|Yale|Duckerin|yduckerinac@is.gd|true|TOL95aRxs|https://randomuser.me/api/portraits/men/36.jpg|1997-11-15|2002-06-27|true
cpezeyad|Christian|Pezey|cpezeyad@ucoz.ru|true|aiaPX3Edp|https://randomuser.me/api/portraits/men/66.jpg|1998-06-11|2003-05-02|true
jditchae|Juliet|Ditch|jditchae@posterous.com|true|d1ty2i0FdvsV|https://randomuser.me/api/portraits/women/56.jpg|1982-09-04|2004-05-30|true
apowlesaf|Alvan|Powles|apowlesaf@ed.gov|true|wQxPiOF|https://randomuser.me/api/portraits/men/59.jpg|1953-02-09|2003-02-01|true
amoriganag|Avril|Morigan|amoriganag@arstechnica.com|true|rFOh3gpW|https://randomuser.me/api/portraits/women/17.jpg|1960-08-02|2004-12-13|true
dstigersah|Dan|Stigers|dstigersah@adobe.com|true|sfjplx|https://randomuser.me/api/portraits/men/10.jpg|1978-10-21|2009-01-31|true
balbarezai|Barrett|Albarez|balbarezai@cnn.com|true|T3aTjE|https://randomuser.me/api/portraits/men/25.jpg|1964-07-13|2010-05-08|false
tgrettonaj|Tanney|Gretton|tgrettonaj@xrea.com|true|HQjHCp|https://randomuser.me/api/portraits/women/62.jpg|1997-01-26|2006-08-14|false
cmeddak|Charmane|Medd|cmeddak@last.fm|true|e0AfDqAA|https://randomuser.me/api/portraits/women/33.jpg|1972-05-19|2009-10-15|true
ablackleral|Alwin|Blackler|ablackleral@hibu.com|true|D5CvRlXjto|https://randomuser.me/api/portraits/men/94.jpg|1965-05-06|2013-01-16|false
rgellieram|Rianon|Gellier|rgellieram@ox.ac.uk|true|a6HLMydowZ|https://randomuser.me/api/portraits/men/23.jpg|1955-01-14|2007-05-16|false
glandsburyan|Germayne|Landsbury|glandsburyan@gravatar.com|true|ehlV268EtL4Q|https://randomuser.me/api/portraits/women/57.jpg|1957-12-29|2006-08-22|false
jhinemoorao|Julienne|Hinemoor|jhinemoorao@squidoo.com|true|sNyCWca|https://randomuser.me/api/portraits/women/52.jpg|1985-10-24|2011-01-30|true
cburminghamap|Coriss|Burmingham|cburminghamap@ustream.tv|true|raKG01x16|https://randomuser.me/api/portraits/men/56.jpg|1943-05-11|2010-06-24|true
hfowleraq|Hendrik|Fowler|hfowleraq@soup.io|true|ME2QLtVW|https://randomuser.me/api/portraits/men/60.jpg|1945-05-28|2015-03-21|true
akisarar|Allison|Kisar|akisarar@discovery.com|true|ONg6hTN|https://randomuser.me/api/portraits/women/14.jpg|1971-09-08|2017-08-23|true
nbustinas|Nichole|Bustin|nbustinas@com.com|true|eNuxwW9ta8|https://randomuser.me/api/portraits/women/75.jpg|1972-06-11|2014-07-23|true
tclohissyat|Talia|Clohissy|tclohissyat@amazon.co.uk|true|KditOCW|https://randomuser.me/api/portraits/women/79.jpg|1963-11-19|2006-11-10|true
bstockingsau|Babara|Stockings|bstockingsau@wikia.com|true|YTklW48Mhjfg|https://randomuser.me/api/portraits/women/3.jpg|1958-01-10|2002-06-02|false
jrendleav|June|Rendle|jrendleav@360.cn|true|zcatEi39C|https://randomuser.me/api/portraits/women/65.jpg|1988-09-13|2008-06-25|true
edeyeaw|Ed|d'Eye|edeyeaw@mediafire.com|true|8w3jNpi|https://randomuser.me/api/portraits/men/65.jpg|1957-02-18|2009-10-02|true
teddoesax|Thorny|Eddoes|teddoesax@forbes.com|true|PxSv3KywI|https://randomuser.me/api/portraits/men/82.jpg|1953-04-14|2012-03-13|true
pphipparday|Pattin|Phippard|pphipparday@360.cn|true|Cf4obOyxqi|https://randomuser.me/api/portraits/women/31.jpg|1986-02-01|2010-06-09|true
clazellaz|Clara|Lazell|clazellaz@sakura.ne.jp|true|wojUSW9kJ|https://randomuser.me/api/portraits/women/87.jpg|1976-07-31|2004-10-10|true
kworlockb0|Kameko|Worlock|kworlockb0@wikipedia.org|true|cYtB8N8TW|https://randomuser.me/api/portraits/women/13.jpg|1960-03-15|2015-12-09|false
acanapeb1|Alanah|Canape|acanapeb1@nhs.uk|true|tHos99dOZ8|https://randomuser.me/api/portraits/women/64.jpg|1984-12-09|2010-01-07|true
emoncreifb2|Erhard|Moncreif|emoncreifb2@1und1.de|true|8PUrWkI4fFtv|https://randomuser.me/api/portraits/men/44.jpg|1944-12-30|2001-09-16|true
acarsbergb3|Amargo|Carsberg|acarsbergb3@meetup.com|true|dEIJgVWSi|https://randomuser.me/api/portraits/men/27.jpg|1958-01-11|2003-02-02|false
epettingerb4|Elysee|Pettinger|epettingerb4@harvard.edu|true|T19cW8OTkp|https://randomuser.me/api/portraits/women/27.jpg|1985-01-27|2003-08-13|false
hkahnb5|Harry|Kahn|hkahnb5@sciencedirect.com|true|yMgxeIfBpKv|https://randomuser.me/api/portraits/men/68.jpg|1979-03-27|2008-07-24|true
czavattierob6|Charleen|Zavattiero|czavattierob6@hp.com|true|YPAJtKvr6h|https://randomuser.me/api/portraits/women/90.jpg|1954-09-24|2007-03-14|false
gcoldtartb7|Gavin|Coldtart|gcoldtartb7@npr.org|true|Nk7dqDDPLam|https://randomuser.me/api/portraits/men/7.jpg|1947-08-01|2015-04-11|true
hfluitb8|Hayward|Fluit|hfluitb8@bing.com|true|KDFPkA|https://randomuser.me/api/portraits/men/12.jpg|1991-06-15|2016-11-11|true
rbortolb9|Ranique|Bortol|rbortolb9@eepurl.com|true|KLT7TggOWLYR|https://randomuser.me/api/portraits/women/43.jpg|1995-03-15|2011-05-02|true
agoodliffeba|Antonia|Goodliffe|agoodliffeba@etsy.com|true|8lTSRIK|https://randomuser.me/api/portraits/women/39.jpg|1981-07-25|2010-07-06|true
wspinozzibb|Westbrooke|Spinozzi|wspinozzibb@clickbank.net|true|C6vbCOJs20oX|https://randomuser.me/api/portraits/men/52.jpg|1940-09-03|2005-06-30|true
kscrivenorbc|Katharyn|Scrivenor|kscrivenorbc@over-blog.com|true|04hHgdnkDgk|https://randomuser.me/api/portraits/women/5.jpg|1958-07-21|2007-02-13|true
ajowlebd|Aldis|Jowle|ajowlebd@wp.com|true|sB3RiV2|https://randomuser.me/api/portraits/men/73.jpg|1972-11-29|2007-07-18|false
hgoaterbe|Harley|Goater|hgoaterbe@unesco.org|true|ocfhcF|https://randomuser.me/api/portraits/women/76.jpg|1991-01-30|2007-01-19|false
kbreytbf|Kassi|Breyt|kbreytbf@twitter.com|true|n6LftpCDY333|https://randomuser.me/api/portraits/women/61.jpg|1971-03-22|2012-08-01|true
cthewlesbg|Celestine|Thewles|cthewlesbg@edublogs.org|true|kqy5oo8yH|https://randomuser.me/api/portraits/women/77.jpg|1991-06-18|2012-05-16|true
lrossantbh|Lari|Rossant|lrossantbh@skype.com|true|sc1dZgfB257|https://randomuser.me/api/portraits/women/72.jpg|1960-12-01|2015-12-26|true
atarplybi|Amye|Tarply|atarplybi@camac.uk|true|iMPf8HiGA|https://randomuser.me/api/portraits/women/85.jpg|1944-12-30|2005-07-03|false
coverlowbj|Chad|Overlow|coverlowbj@ebay.co.uk|true|oe9OCBBDTcC|https://randomuser.me/api/portraits/men/55.jpg|1962-01-15|2015-06-08|true
blatesbk|Bartholemy|Lates|blatesbk@goodreads.com|true|p0CCNYMX|https://randomuser.me/api/portraits/men/6.jpg|1965-03-23|2015-07-28|true
spizerbl|Shanie|Pizer|spizerbl@1688.com|true|4KvumlGa|https://randomuser.me/api/portraits/women/26.jpg|1972-04-25|2009-04-21|false
groughtbm|Gaynor|Rought|groughtbm@seattletimes.com|true|mdvaIeZXeUGl|https://randomuser.me/api/portraits/men/2.jpg|1957-05-06|2010-12-24|false
adunleavybn|Allan|Dunleavy|adunleavybn@sakura.ne.jp|true|Q6mEwQJc|https://randomuser.me/api/portraits/men/76.jpg|1963-04-09|2011-03-28|true
mwincerbo|Margaux|Wincer|mwincerbo@purevolume.com|true|ziHdnbA|https://randomuser.me/api/portraits/women/32.jpg|1993-12-04|2016-05-04|true
sfassmanbp|Sargent|Fassman|sfassmanbp@fastcompany.com|true|3TIHtv|https://randomuser.me/api/portraits/men/38.jpg|1956-06-14|2010-06-09|true
pmattambq|Puff|Mattam|pmattambq@hatena.ne.jp|true|empQqIpr45zn|https://randomuser.me/api/portraits/women/6.jpg|1974-01-01|2007-02-09|true
jmcilhattonbr|Jed|McIlhatton|jmcilhattonbr@baidu.com|true|YzkUsgvDf|https://randomuser.me/api/portraits/men/70.jpg|1940-05-07|2007-08-11|true
cutleybs|Camellia|Utley|cutleybs@amazon.com|true|dHP1SxTH6lu4|https://randomuser.me/api/portraits/women/38.jpg|1973-09-03|2014-08-28|false
fcarberrybt|Faythe|Carberry|fcarberrybt@arstechnica.com|true|Dovx9bXAxprh|https://randomuser.me/api/portraits/women/41.jpg|1960-12-01|2005-10-11|false
pjerremsbu|Pepillo|Jerrems|pjerremsbu@blog.com|true|JFQZekt|https://randomuser.me/api/portraits/men/35.jpg|1969-07-09|2004-10-16|true
sheinigbv|Salli|Heinig|sheinigbv@wired.com|true|vpj66KyJ|https://randomuser.me/api/portraits/women/93.jpg|1989-03-18|2012-03-06|false
jthrasherbw|Jolynn|Thrasher|jthrasherbw@nsw.gov.au|true|syophPsMlF|https://randomuser.me/api/portraits/women/44.jpg|1957-04-04|2009-11-26|false
oseniourbx|Oliver|Seniour|oseniourbx@mediafire.com|true|r91nVgTwVHRg|https://randomuser.me/api/portraits/men/31.jpg|1950-12-27|2008-02-14|true
gleeuwerinkby|Gus|Leeuwerink|gleeuwerinkby@theatlantic.com|true|s4lApGAGBBz|https://randomuser.me/api/portraits/men/86.jpg|1967-10-10|2003-06-24|true
espaciebz|Emylee|Spacie|espaciebz@hatena.ne.jp|true|zv3sBr3HTNC|https://randomuser.me/api/portraits/women/29.jpg|1996-02-06|2011-03-28|true
dspridgenc0|Demetrius|Spridgen|dspridgenc0@unesco.org|true|JWp3zuuU|https://randomuser.me/api/portraits/men/50.jpg|1947-03-12|2011-09-09|true
adepperc1|Alisander|Depper|adepperc1@live.com|true|dv90yF|https://randomuser.me/api/portraits/women/47.jpg|1991-01-05|2006-03-05|false
ogonzaloc2|Olivero|Gonzalo|ogonzaloc2@youtube.com|true|6xKTM0iIr|https://randomuser.me/api/portraits/men/29.jpg|1976-07-31|2004-10-24|false
ltwistc3|Lacey|Twist|ltwistc3@aol.com|true|CExLQpornH|https://randomuser.me/api/portraits/women/25.jpg|1945-07-06|2004-03-11|false
hsambellc4|Hillard|Sambell|hsambellc4@barnesandnoble.com|true|E9Ax0svRC|https://randomuser.me/api/portraits/men/13.jpg|1987-01-20|2011-02-28|true
bbolusc5|Bennett|Bolus|bbolusc5@theguardian.com|true|deusU9i80S|https://randomuser.me/api/portraits/men/58.jpg|1995-03-27|2009-01-17|false
mcheetamc6|Marsha|Cheetam|mcheetamc6@elpais.com|true|aRlFTw37C3n|https://randomuser.me/api/portraits/women/59.jpg|1965-12-03|2015-02-12|true
pmccloyc7|Pierrette|McCloy|pmccloyc7@sfgate.com|true|pJhyK9a65Jnh|https://randomuser.me/api/portraits/women/51.jpg|1992-04-21|2012-12-04|true
yleacyc8|York|Leacy|yleacyc8@yellowbook.com|true|L5J8OvScl|https://randomuser.me/api/portraits/men/43.jpg|1995-11-19|2001-11-11|false
hkeppec9|Hermina|Keppe|hkeppec9@wordpress.org|true|srzZbz4xQeI|https://randomuser.me/api/portraits/women/42.jpg|1968-06-11|2013-01-14|true
lminorca|Lenette|Minor|lminorca@digg.com|true|73Lr2gnfMuiA|https://randomuser.me/api/portraits/women/10.jpg|1953-04-22|2007-08-07|true
jvasilechkocb|Johnette|Vasilechko|jvasilechkocb@techcrunch.com|true|GImaPVUFB|https://randomuser.me/api/portraits/women/94.jpg|1950-12-22|2001-02-15|true
zmidgleycc|Zaneta|Midgley|zmidgleycc@1und1.de|true|39NEtryNm|https://randomuser.me/api/portraits/women/2.jpg|1947-12-16|2008-06-04|false
rcrundencd|Ricky|Crunden|rcrundencd@ustream.tv|true|kM9LSbE8NLe|https://randomuser.me/api/portraits/men/26.jpg|1975-05-07|2017-06-08|true
mhylandce|Marice|Hyland|mhylandce@mtv.com|true|gEJqmsT70dID|https://randomuser.me/api/portraits/men/37.jpg|1993-04-25|2015-10-24|true
gmcharrycf|Gabe|McHarry|gmcharrycf@umn.edu|true|LCO3GkCmRVr|https://randomuser.me/api/portraits/men/32.jpg|2000-05-23|2011-01-19|true
ksandifercg|Kyle|Sandifer|ksandifercg@sciencedaily.com|true|APrTr8PfE4|https://randomuser.me/api/portraits/men/91.jpg|1994-07-21|2015-02-28|true
bdoyleych|Blaine|Doyley|bdoyleych@mlb.com|true|GoGXMEXtZ|https://randomuser.me/api/portraits/men/69.jpg|1974-04-15|2005-02-09|true
rsteelyci|Raddie|Steely|rsteelyci@mysql.com|true|ZOrRsh0gk|https://randomuser.me/api/portraits/men/89.jpg|1951-04-17|2016-02-14|true
elusgdincj|Emmalynn|Lusgdin|elusgdincj@wikimedia.org|true|X7qHp0nqXy|https://randomuser.me/api/portraits/women/83.jpg|1941-11-06|2010-11-12|false
lpauncefortck|Lloyd|Pauncefort|lpauncefortck@typepad.com|true|7VTlfyvzPH|https://randomuser.me/api/portraits/men/84.jpg|1963-07-11|2010-07-14|true
mfirkscl|Mariska|Firks|mfirkscl@netvibes.com|true|M8UM5WNRTL|https://randomuser.me/api/portraits/women/36.jpg|1965-06-13|2016-01-10|true
randrollicm|Rosalinda|Androlli|randrollicm@hc360.com|true|YM6sVO|https://randomuser.me/api/portraits/women/21.jpg|1991-06-28|2004-04-23|true
crichtcn|Clarinda|Richt|crichtcn@weibo.com|true|VnKFS2|https://randomuser.me/api/portraits/women/30.jpg|1962-01-21|2016-12-09|true
dsaffrinco|Donetta|Saffrin|dsaffrinco@berkeley.edu|true|H4bD1Ch15YQ|https://randomuser.me/api/portraits/women/37.jpg|1994-11-23|2013-03-28|true
bchallenorcp|Bordy|Challenor|bchallenorcp@google.com.au|true|LYV2adsvmc|https://randomuser.me/api/portraits/men/49.jpg|1981-03-12|2004-02-23|true
jdomsallacq|Josias|Domsalla|jdomsallacq@scientificamerican.com|true|MTWaruFR3|https://randomuser.me/api/portraits/men/33.jpg|1950-08-26|2016-09-24|true
nlamanbycr|Neill|Lamanby|nlamanbycr@spotify.com|true|vc1K1DFJd|https://randomuser.me/api/portraits/men/90.jpg|1967-05-04|2016-11-29|true
dstrelitzkics|Dierdre|Strelitzki|dstrelitzkics@jiathis.com|true|FNNjaU|https://randomuser.me/api/portraits/women/8.jpg|1944-11-29|2006-03-05|false
oloughrenct|Odele|Loughren|oloughrenct@google.ru|true|R8ThI7r0z|https://randomuser.me/api/portraits/women/23.jpg|1998-07-17|2016-06-22|true
mwhittletoncu|Marcellus|Whittleton|mwhittletoncu@alexa.com|true|EeVC4Mg5|https://randomuser.me/api/portraits/men/64.jpg|1960-05-09|2014-08-31|false
bdooreycv|Bernie|Doorey|bdooreycv@theatlantic.com|true|JZkuBqfF|https://randomuser.me/api/portraits/men/19.jpg|1969-06-05|2014-01-17|false
tdealtrycw|Temp|Dealtry|tdealtrycw@ezinearticles.com|true|0ssVZ9T|https://randomuser.me/api/portraits/men/74.jpg|1974-05-10|2001-07-21|true
madesscx|Matthaeus|Adess|madesscx@unesco.org|true|jvXBPn|https://randomuser.me/api/portraits/men/8.jpg|1982-10-24|2013-10-29|true
gdunawaycy|Gran|Dunaway|gdunawaycy@nytimes.com|true|ljAg9cMi|https://randomuser.me/api/portraits/women/92.jpg|1958-05-15|2013-01-28|true
ccreegancz|Cullin|Creegan|ccreegancz@i2i.jp|true|FZtep1Y7|https://randomuser.me/api/portraits/men/28.jpg|2000-12-16|2008-07-08|true
ereedmand0|Eleanora|Reedman|ereedmand0@reuters.com|true|J3iCecWD|https://randomuser.me/api/portraits/women/86.jpg|1945-04-09|2013-05-21|true
tmallardd1|Tadd|Mallard|tmallardd1@marriott.com|true|6YXQDu06en|https://randomuser.me/api/portraits/men/39.jpg|1963-08-27|2016-08-23|true
hbuckied2|Humphrey|Buckie|hbuckied2@spotify.com|true|pTUjFXN|https://randomuser.me/api/portraits/men/17.jpg|1952-12-04|2012-03-08|true
wolekhovd3|Wayland|Olekhov|wolekhovd3@unicef.org|true|GvgpYt|https://randomuser.me/api/portraits/men/77.jpg|1991-03-01|2005-01-31|false
tcrehand4|Terrence|Crehan|tcrehand4@sina.com.cn|true|3G5NJWAg|https://randomuser.me/api/portraits/men/40.jpg|1957-04-09|2007-04-06|true
bvoletted5|Bay|Volette|bvoletted5@prlog.org|true|ctx5INziJz|https://randomuser.me/api/portraits/women/70.jpg|1970-05-10|2005-03-07|false
gbiddyd6|Giselle|Biddy|gbiddyd6@photobucket.com|true|02eXxDaTg5vA|https://randomuser.me/api/portraits/women/82.jpg|1958-12-13|2011-11-18|false
dpuddingd7|Danit|Pudding|dpuddingd7@weibo.com|true|H8roSLof|https://randomuser.me/api/portraits/women/4.jpg|1982-09-18|2013-11-09|true
tcotterelld8|Teddie|Cotterell|tcotterelld8@live.com|true|hYtBKf1aWukp|https://randomuser.me/api/portraits/men/71.jpg|1951-05-21|2015-03-04|false
kshowerd9|Kerk|Shower|kshowerd9@edublogs.org|true|2KxnolwEOwb7|https://randomuser.me/api/portraits/men/20.jpg|1948-11-06|2003-05-12|true
bravenshawda|Ban|Ravenshaw|bravenshawda@msu.edu|true|zn1HCiR|https://randomuser.me/api/portraits/men/16.jpg|1978-11-10|2008-06-19|true
dplayledb|Dasya|Playle|dplayledb@google.fr|true|8MnpJ86HS8|https://randomuser.me/api/portraits/women/81.jpg|1944-08-24|2013-05-19|true
kwrotchforddc|Kathe|Wrotchford|kwrotchforddc@buzzfeed.com|true|SeVXm7DwO|https://randomuser.me/api/portraits/women/63.jpg|1947-11-16|2016-09-19|false
epalleskedd|Egbert|Palleske|epalleskedd@indiatimes.com|true|EMYTQk0Lij1H|https://randomuser.me/api/portraits/men/1.jpg|1968-01-17|2014-04-02|false
lcassiede|Laraine|Cassie|lcassiede@diigo.com|true|apSc9KMEafU|https://randomuser.me/api/portraits/women/12.jpg|1983-10-09|2008-03-22|false
fezeledf|Filbert|Ezele|fezeledf@furl.net|true|d500II|https://randomuser.me/api/portraits/men/51.jpg|1970-10-25|2008-03-03|true
nbitchenerdg|Newton|Bitchener|nbitchenerdg@godaddy.com|true|NVChRwGdQC|https://randomuser.me/api/portraits/men/48.jpg|1974-01-20|2004-07-31|true
rdivineydh|Reuven|Diviney|rdivineydh@bloomberg.com|true|XKO8D0ZA8z|https://randomuser.me/api/portraits/men/3.jpg|1976-04-10|2016-07-14|true
jfaulldi|Janelle|Faull|jfaulldi@hc360.com|true|jMmQJROL2|https://randomuser.me/api/portraits/women/78.jpg|1975-07-24|2003-08-03|false
hmeaddj|Hester|Mead|hmeaddj@about.com|true|M91PibL|https://randomuser.me/api/portraits/women/91.jpg|1944-10-23|2012-02-25|true
ewixeydk|Eleen|Wixey|ewixeydk@goo.ne.jp|true|RK3W6RVUmTKl|https://randomuser.me/api/portraits/women/48.jpg|1995-04-02|2002-02-26|true
aglassforddl|Ailyn|Glassford|aglassforddl@goo.ne.jp|true|JY1mPD|https://randomuser.me/api/portraits/women/69.jpg|1971-01-06|2011-12-01|false
wstapforddm|Walther|Stapford|wstapforddm@blog.com|true|QcXp3DpQq|https://randomuser.me/api/portraits/men/54.jpg|1996-02-04|2009-08-05|true
tdrakedn|Trevor|Drake|tdrakedn@amazon.co.jp|true|4aW1gULCK1|https://randomuser.me/api/portraits/men/85.jpg|1975-01-09|2001-01-20|false
gousbiedo|Gnni|Ousbie|gousbiedo@indiatimes.com|true|C56uUhoUZR|https://randomuser.me/api/portraits/women/34.jpg|1941-06-18|2012-05-19|true
vlampettdp|Vernor|Lampett|vlampettdp@soundcloud.com|true|XkfdIuv|https://randomuser.me/api/portraits/men/70.jpg|1957-10-21|2014-07-19|true
lkarlsendq|Linoel|Karlsen|lkarlsendq@indiatimes.com|true|QUlochiZq9T6|https://randomuser.me/api/portraits/men/65.jpg|1979-08-09|2013-09-11|false
cnattrissdr|Corette|Nattriss|cnattrissdr@mtv.com|true|QJpL8oe|https://randomuser.me/api/portraits/women/13.jpg|1969-04-23|2014-07-12|true
mlarderotds|Margarethe|Larderot|mlarderotds@ucoz.ru|true|AzDUf2JL9|https://randomuser.me/api/portraits/women/27.jpg|1977-09-14|2006-07-16|true
tfilbydt|Thorvald|Filby|tfilbydt@dyndns.org|true|jYJINAg1VZ|https://randomuser.me/api/portraits/men/71.jpg|1949-12-30|2009-05-15|false
doneligandu|Dyane|O' Neligan|doneligandu@infoseek.co.jp|true|ImmxUK|https://randomuser.me/api/portraits/women/76.jpg|1970-11-19|2006-03-29|true
aarkelldv|Adrian|Arkell|aarkelldv@themeforest.net|true|pVwvJVgG|https://randomuser.me/api/portraits/men/62.jpg|1972-09-02|2010-05-21|false
